

-- admin
INSERT INTO users (name, email, password)
VALUES ('User', 'user@yandex.ru', '000111');
INSERT INTO users (name, email, password)
VALUES ('User1', 'user1@yandex.ru', '111222');

-- password
INSERT INTO users (name, email, password)
VALUES ('Admin', 'admin@gmail.com', '222333');

INSERT INTO user_roles (role, user_id) VALUES
  ('ROLE_USER', 100000),
  ('ROLE_ADMIN', 100001),
  ('ROLE_USER', 100001),
  ('ROLE_USER', 100001),
  ('ROLE_USER', 100001);



INSERT INTO apartment (type, reserved, extra_beds, price, hotel_id)
    VALUES
      ();



INSERT INTO hotel (name, rating, country_id, city_id, phone, description)
    VALUES
      ();



INSERT INTO apt_type(beds_arrangement, category, person_num)
    VALUES
      ('ONE SINGLE BED', 'STANDARD', 1),
      ('TWO SINGLE BEDS', 'STANDARD', 2),
      ('TWO SEPARATE BEDS', 'STANDARD', 2),
      ('TWO SINGLE BEDS', 'IMPROVED', 2),
      ('TWO SEPARATE BEDS', 'IMPROVED', 2),
      ('TWO SEPARATE BEDS', 'COMFORT', 2),
      ('THREE-PERSON WITH SEPARATE BEDS', 'FAMILY NUMBER', 3),
      ('THREE-PERSON WITH TWIN BED', 'FAMILY NUMBER', 3),
      ('FOUR-PERSON WITH SEPARATE BEDS', 'FAMILY NUMBER', 4),
      ('FOUR-PERSON WITH TWIN BEDS', 'FAMILY NUMBER', 4),
      ('FIVE-PERSON WITH SEPARATE BEDS', 'FAMILY NUMBER', 5),
      ('FIVE-PERSON WITH TWIN BEDS', 'FAMILY NUMBER', 5),
      ('SIX-PERSON WITH SEPARATE BEDS', 'FAMILY NUMBER', 6),
      ('SIX-PERSON WITH TWIN BEDS', 'FAMILY NUMBER', 6),
      ('FOUR-PERSON', 'HOSTEL', 4),
      ('FIVE-PERSON', 'HOSTEL', 5),
      ('SIX-PERSON', 'HOSTEL', 6),
      ('SEVEN-PERSON', 'HOSTEL', 7),
      ('HOSTEL-PERSON', 'HOSTEL', 8),
      ('HOSTEL-PERSON', 'HOSTEL', 9),
      ('HOSTEL-PERSON', 'HOSTEL', 10);



INSERT INTO country
(country_name)
VALUES
  ('Afghanistan'),
  ('Algeria'),
  ('Angola'),
  ('Argentina'),
  ('Armenia'),
  ('Australia'),
  ('Austria'),
  ('Azerbaijan'),
  ('Bangladesh'),
  ('Belarus'),
  ('Belgium'),
  ('Bolivia'),
  ('Brazil'),
  ('Bulgaria'),
  ('Burkina Faso'),
  ('Cambodia'),
  ('Cameroon'),
  ('Canada'),
  ('Central African Republic'),
  ('Chile'),
  ('China'),
  ('Colombia'),
  ('Congo Br'),
  ('Congo D.R.'),
  ('Croatia'),
  ('Cuba'),
  ('Czech Republic'),
  ('Denmark'),
  ('Dominican Republic'),
  ('Ecuador'),
  ('Egypt'),
  ('Ethiopia'),
  ('Finland'),
  ('France'),
  ('Georgia'),
  ('Germany'),
  ('Ghana'),
  ('Greece'),
  ('Guatemala'),
  ('Guinea'),
  ('Haiti'),
  ('Honduras'),
  ('Hungary'),
  ('India'),
  ('Indonesia'),
  ('Iran'),
  ('Iraq'),
  ('Israel'),
  ('Italy'),
  ('Ivory Coast'),
  ('Jamaica'),
  ('Japan'),
  ('Jordan'),
  ('Kazakhstan'),
  ('Kenya'),
  ('Kyrgyzstan'),
  ('Latvia'),
  ('Lebanon'),
  ('Liberia'),
  ('Libya'),
  ('Lithuania'),
  ('Madagascar'),
  ('Malawi'),
  ('Malaysia'),
  ('Mali'),
  ('Mexico'),
  ('Moldova'),
  ('Mongolia'),
  ('Morocco'),
  ('Mozambique'),
  ('Myanmar (Burma)'),
  ('Nepal'),
  ('Netherlands'),
  ('Nicaragua'),
  ('Nigeria'),
  ('North Korea'),
  ('Norway'),
  ('Oman'),
  ('Pakistan'),
  ('Panama'),
  ('Paraguay'),
  ('Peru'),
  ('Philippines'),
  ('Poland'),
  ('Portugal'),
  ('Romania'),
  ('Russia'),
  ('Saudi Arabia'),
  ('Senegal'),
  ('Serbia'),
  ('Sierra Leone'),
  ('Singapore'),
  ('Somalia'),
  ('South Africa'),
  ('South Korea'),
  ('Spain'),
  ('Sri Lanka'),
  ('Sudan'),
  ('Sweden'),
  ('Syria'),
  ('Taiwan'),
  ('Tajikistan'),
  ('Tanzania'),
  ('Thailand'),
  ('Tunisia'),
  ('Turkey'),
  ('UAE'),
  ('UK'),
  ('USA'),
  ('Uganda'),
  ('Ukraine'),
  ('Uruguay'),
  ('Uzbekistan'),
  ('Venezuela'),
  ('Vietnam'),
  ('Yemen'),
  ('Zambia'),
  ('Zimbabwe');




INSERT INTO city
(city_name, country_name)
VALUES
  ('Karachi', 'Pakistan'),
  ('Shanghai', 'China'),
  ('Mumbai', 'India'),
  ('Beijing', 'China'),
  ('Delhi', 'India'),
  ('Buenos aires', 'Argentina'),
  ('Manila metro', 'Philippines'),
  ('Seoul', 'South Korea'),
  ('Sao paulo', 'Brazil'),
  ('Moscow', 'Russia'),
  ('Jakarta', 'Indonesia'),
  ('Istanbul', 'Turkey'),
  ('Bangkok', 'Thailand'),
  ('Mexico', 'Mexico'),
  ('Tokyo', 'Japan'),
  ('Tehran', 'Iran'),
  ('New york city', 'USA'),
  ('Kinshasa', 'Congo D.R.'),
  ('Dhaka', 'Bangladesh'),
  ('Lagos', 'Nigeria'),
  ('Cairo', 'Egypt'),
  ('Lima', 'Peru'),
  ('London', 'UK'),
  ('Tianjin', 'China'),
  ('Bogota', 'Colombia'),
  ('Ho chi minh city', 'Vietnam'),
  ('Hong kong', 'China'),
  ('Guangzhou', 'China'),
  ('Dongguan', 'China'),
  ('Lahore', 'Pakistan'),
  ('Rio de Janeiro', 'Brazil'),
  ('Baghdad', 'Iraq'),
  ('Bangalore', 'India'),
  ('Surat', 'India'),
  ('Santiago', 'Chile'),
  ('Kolkata', 'India'),
  ('Shenyang', 'China'),
  ('Chongqing', 'China'),
  ('Singapore', 'Singapore'),
  ('Riyadh', 'Saudi Arabia'),
  ('Luanda', 'Angola'),
  ('Harbin', 'China'),
  ('St Petersburg', 'Russia'),
  ('Chennai', 'India'),
  ('Ahmadabad', 'India'),
  ('Wuhan', 'China'),
  ('Yangon', 'Myanmar (Burma)'),
  ('Sydney', 'Australia'),
  ('Chengdu', 'China'),
  ('Shenzhen', 'China'),
  ('Nanjing', 'China'),
  ('Alexandria', 'Egypt'),
  ('Johannesburg', 'South Africa'),
  ('Jeddah', 'Saudi Arabia'),
  ('Los angeles', 'USA'),
  ('Abidjan', 'Ivory Coast'),
  ('Ankara', 'Turkey'),
  ('Casablanca', 'Morocco'),
  ('Yokohama', 'Japan'),
  ('Hyderabad', 'India'),
  ('Melbourne', 'Australia'),
  ('Kano', 'Nigeria'),
  ('Busan', 'South Korea'),
  ('Kabul', 'Afghanistan'),
  ('Changchun', 'China'),
  ('Cape town', 'South Africa'),
  ('Guiyang', 'China'),
  ('Berlin', 'Germany'),
  ('Hangzhou', 'China'),
  ('Addis ababa', 'Ethiopia'),
  ('Pune', 'India'),
  ('Pyongyang', 'North Korea'),
  ('Madrid', 'Spain'),
  ('Nairobi', 'Kenya'),
  ('Kanpur', 'India'),
  ('Kunming', 'China'),
  ('Surabaya', 'Indonesia'),
  ('Jaipur', 'India'),
  ('Salvador da bahia', 'Brazil'),
  ('Santo domingo', 'Dominican Republic'),
  ('Mashhad', 'Iran'),
  ('Chicago', 'USA'),
  ('Zibo', 'China'),
  ('Kiev', 'Ukraine'),
  ('Durg', 'India'),
  ('Huludao', 'China'),
  ('Caracas', 'Venezuela'),
  ('Qingdao', 'China'),
  ('Changsha', 'China'),
  ('Rome', 'Italy'),
  ('Fuzhou', 'China'),
  ('Quezon city', 'Philippines'),
  ('Xian', 'China'),
  ('Port harcourt', 'Nigeria'),
  ('Osaka', 'Japan'),
  ('Incheon', 'South Korea'),
  ('Shijiazhuang', 'China'),
  ('Taipei', 'Taiwan'),
  ('Zhengzhou', 'China'),
  ('Chittagong', 'Bangladesh'),
  ('Toronto', 'Canada'),
  ('Ibadan', 'Nigeria'),
  ('Taiyuan', 'China'),
  ('Cali', 'Colombia'),
  ('Daegu', 'South Korea'),
  ('Bandung', 'Indonesia'),
  ('Faisalabad', 'Pakistan'),
  ('Fortaleza', 'Brazil'),
  ('Baoshan', 'China'),
  ('Dar es salaam', 'Tanzania'),
  ('Zhongshan', 'China'),
  ('Xiamen', 'China'),
  ('Chaoyang', 'China'),
  ('Belo horizonte', 'Brazil'),
  ('Nanning', 'China'),
  ('Havana', 'Cuba'),
  ('Nagpur', 'India'),
  ('Omdurman', 'Sudan'),
  ('Suzhou', 'China'),
  ('Aleppo', 'Syria'),
  ('Lucknow', 'India'),
  ('Izmir', 'Turkey'),
  ('Linyi', 'China'),
  ('Dalian', 'China'),
  ('Nagoya', 'Japan'),
  ('Houston', 'USA'),
  ('Giza', 'Egypt'),
  ('Medellin', 'Colombia'),
  ('Khartoum', 'Sudan'),
  ('Ningbo', 'China'),
  ('Guayaquil', 'Ecuador'),
  ('Tashkent', 'Uzbekistan'),
  ('Paris', 'France'),
  ('Brasilia', 'Brazil'),
  ('Lanzhou', 'China'),
  ('Changzhou', 'China'),
  ('Monterrey', 'Mexico'),
  ('Baku', 'Azerbaijan'),
  ('Kowloon', 'China'),
  ('Bucharest', 'Romania'),
  ('Medan', 'Indonesia'),
  ('Tangshan', 'China'),
  ('Jilin', 'China'),
  ('Nanchong', 'China'),
  ('Conakry', 'Guinea'),
  ('Amman', 'Jordan'),
  ('Indore', 'India'),
  ('Sapporo', 'Japan'),
  ('Jinan', 'China'),
  ('Puebla', 'Mexico'),
  ('Haiphong', 'Vietnam'),
  ('Macheng', 'China'),
  ('Curitiba', 'Brazil'),
  ('Nanchang', 'China'),
  ('Minsk', 'Belarus'),
  ('Xuzhou', 'China'),
  ('Kuala lumpur', 'Malaysia'),
  ('Bamako', 'Mali'),
  ('Huzhou', 'China'),
  ('Patna', 'India'),
  ('Suzhou anhui', 'China'),
  ('Urumqi', 'China'),
  ('Yantai', 'China'),
  ('Maracaibo', 'Venezuela'),
  ('Tianmen', 'China'),
  ('Hamburg', 'Germany'),
  ('Shantou', 'China'),
  ('Basrah', 'Iraq'),
  ('Hefei', 'China'),
  ('Tengzhou', 'China'),
  ('Wuxi', 'China'),
  ('Sanaa', 'Yemen'),
  ('Manaus', 'Brazil'),
  ('Fuyang', 'China'),
  ('Budapest', 'Hungary'),
  ('Warsaw', 'Poland'),
  ('Mecca', 'Saudi Arabia'),
  ('Ecatepec', 'Mexico'),
  ('Tripoli', 'Libya'),
  ('Vienna', 'Austria'),
  ('Suizhou', 'China'),
  ('Barcelona', 'Spain'),
  ('Damascus', 'Syria'),
  ('Agra', 'India'),
  ('Gaozhou', 'China'),
  ('Taian', 'China'),
  ('Quito', 'Ecuador'),
  ('Tianshui', 'China'),
  ('Montreal', 'Canada'),
  ('Nashik', 'India'),
  ('Shangqiu', 'China'),
  ('Accra', 'Ghana'),
  ('Perth', 'Australia'),
  ('Harare', 'Zimbabwe'),
  ('Palembang', 'Indonesia'),
  ('Santa cruz', 'Bolivia'),
  ('Esfahan', 'Iran'),
  ('Guadalajara', 'Mexico'),
  ('Phoenix', 'USA'),
  ('Recife', 'Brazil'),
  ('Neijiang', 'China'),
  ('Rawalpindi', 'Pakistan'),
  ('Tangerang', 'Indonesia'),
  ('Brisbane', 'Australia'),
  ('Philadelphia', 'USA'),
  ('Kobe', 'Japan'),
  ('Hechuan', 'China'),
  ('Kaohsiung', 'Taiwan'),
  ('Pretoria', 'South Africa'),
  ('Taizhou', 'China'),
  ('Algiers', 'Algeria'),
  ('La paz', 'Bolivia'),
  ('Pimpri chinchwad', 'India'),
  ('Barquisimeto', 'Venezuela'),
  ('Guigang', 'China'),
  ('Kumasi', 'Ghana'),
  ('Luoyang', 'China'),
  ('Mogadishu', 'Somalia'),
  ('Vadodara', 'India'),
  ('Quanzhou', 'China'),
  ('Tbilisi', 'Georgia'),
  ('Tijuana', 'Mexico'),
  ('Xintai', 'China'),
  ('Nanan', 'China'),
  ('Ouagadougou', 'Burkina Faso'),
  ('Benghazi', 'Libya'),
  ('Kyoto', 'Japan'),
  ('Kharkiv', 'Ukraine'),
  ('Kaduna', 'Nigeria'),
  ('Xinyang', 'China'),
  ('Bhopal', 'India'),
  ('Rugao', 'China'),
  ('Anyang', 'China'),
  ('Fukuoka', 'Japan'),
  ('Weifang', 'China'),
  ('Zhanjiang', 'China'),
  ('Hyderabad', 'Pakistan'),
  ('Fushun', 'China'),
  ('Daejeon', 'South Korea'),
  ('Qiqihaer', 'China'),
  ('Jianyang', 'China'),
  ('Yaoundé', 'Cameroon'),
  ('Multan', 'Pakistan'),
  ('Almaty', 'Kazakhstan'),
  ('Guiping', 'China'),
  ('Huazhou', 'China'),
  ('Kampala', 'Uganda'),
  ('Tabriz', 'Iran'),
  ('Gujranwala', 'Pakistan'),
  ('Gwangju', 'South Korea'),
  ('Belem', 'Brazil'),
  ('Sofia', 'Bulgaria'),
  ('Bursa', 'Turkey'),
  ('Changde', 'China'),
  ('Ciudad juarez', 'Mexico'),
  ('Ludhiana', 'India'),
  ('Tongzhou', 'China'),
  ('Novosibirsk', 'Russia'),
  ('Semarang', 'Indonesia'),
  ('Handan', 'China'),
  ('Kawasaki', 'Japan'),
  ('Suining', 'China'),
  ('Douala', 'Cameroon'),
  ('Karaj', 'Iran'),
  ('Liuyang', 'China'),
  ('Luzhou', 'China'),
  ('Caloocan', 'Philippines'),
  ('Thane', 'India'),
  ('Varanasi', 'India'),
  ('Hanoi', 'Vietnam'),
  ('Munich', 'Germany'),
  ('Davao city', 'Philippines'),
  ('Porto alegre', 'Brazil'),
  ('Taixing', 'China'),
  ('Bozhou', 'China'),
  ('San antonio', 'USA'),
  ('Jinjiang', 'China'),
  ('Lufeng', 'China'),
  ('Yongcheng', 'China'),
  ('Guilin', 'China'),
  ('Pingdu', 'China'),
  ('Ahwaz', 'Iran'),
  ('Rajkot', 'India'),
  ('Santiago de los caballeros', 'Dominican Republic'),
  ('Montevideo', 'Uruguay'),
  ('Ekaterinburg', 'Russia'),
  ('Baotou', 'China'),
  ('Cordoba', 'Argentina'),
  ('Milan', 'Italy'),
  ('Lianjiang', 'China'),
  ('Medina', 'Saudi Arabia'),
  ('Mianyang', 'China'),
  ('Yiyang', 'China'),
  ('Barranquilla', 'Colombia'),
  ('Irbil', 'Iraq'),
  ('Adelaide', 'Australia'),
  ('Anshan', 'China'),
  ('Ranchi', 'India'),
  ('Rizhao', 'China'),
  ('Guarulhos', 'Brazil'),
  ('Goiania', 'Brazil'),
  ('Dallas', 'USA'),
  ('Heze', 'China'),
  ('Nizhniy novgorod', 'Russia'),
  ('San diego', 'USA'),
  ('Meerut', 'India'),
  ('La matanza', 'Argentina'),
  ('Datong', 'China'),
  ('Beirut', 'Lebanon'),
  ('Fengcheng', 'China'),
  ('Ruian', 'China'),
  ('Laiwu', 'China'),
  ('Maputo', 'Mozambique'),
  ('Phnom penh', 'Cambodia'),
  ('Prague', 'Czech Republic'),
  ('Pingdingshan', 'China'),
  ('Yuzhou', 'China'),
  ('Shiraz', 'Iran'),
  ('Cixi', 'China'),
  ('Allahabad', 'India'),
  ('Huainan', 'China'),
  ('Anqiu', 'China'),
  ('Fuqing', 'China'),
  ('Maiduguri', 'Nigeria'),
  ('Pikine-guediawaye', 'Senegal'),
  ('Tegucigalpa', 'Honduras'),
  ('Tunis', 'Tunisia'),
  ('Valencia', 'Venezuela'),
  ('Amritsar', 'India'),
  ('Qianjiang', 'China'),
  ('Bazhong', 'China'),
  ('Managua', 'Nicaragua'),
  ('Leqing', 'China'),
  ('Saitama', 'Japan'),
  ('Belgrade', 'Serbia'),
  ('Hiroshima', 'Japan'),
  ('Dongtai', 'China'),
  ('Ujung pandang', 'Indonesia'),
  ('Aurangabad', 'India'),
  ('Adana', 'Turkey'),
  ('Guangyuan', 'China'),
  ('Qidong', 'China'),
  ('Rosario', 'Argentina'),
  ('Samara', 'Russia'),
  ('Zapopan', 'Mexico'),
  ('Nezahualcoyotl', 'Mexico'),
  ('Lubumbashi', 'Congo D.R.'),
  ('Mosul', 'Iraq'),
  ('Leon', 'Mexico'),
  ('Omsk', 'Russia'),
  ('Solapur', 'India'),
  ('Brazzaville', 'Congo Br'),
  ('Bijie', 'China'),
  ('Haicheng', 'China'),
  ('Madurai', 'India'),
  ('Ulsan', 'South Korea'),
  ('Leshan', 'China'),
  ('Jabalpur', 'India'),
  ('Kazan', 'Russia'),
  ('Makasar', 'Indonesia'),
  ('Jimo', 'China'),
  ('Jining', 'China'),
  ('Lusaka', 'Zambia'),
  ('Ulaanbaatar', 'Mongolia'),
  ('Yerevan', 'Armenia'),
  ('Peshawar', 'Pakistan'),
  ('Wafangdian', 'China'),
  ('Copenhagen', 'Denmark'),
  ('Mirat', 'India'),
  ('Chelyabinsk', 'Russia'),
  ('Guatemala city', 'Guatemala'),
  ('Shouguang', 'China'),
  ('Dubai', 'UAE'),
  ('Suwon', 'South Korea'),
  ('Port-au-prince', 'Haiti'),
  ('Odessa', 'Ukraine'),
  ('Goyang', 'South Korea'),
  ('Seongnam', 'South Korea'),
  ('Marrakech', 'Morocco'),
  ('Taishan', 'China'),
  ('Rostov on don', 'Russia'),
  ('Dhanbad', 'India'),
  ('Taichung', 'Taiwan'),
  ('Ezhou', 'China'),
  ('Campinas', 'Brazil'),
  ('Faridabad', 'India'),
  ('Jiangdu', 'China'),
  ('Benin', 'Nigeria'),
  ('Beiliu', 'China'),
  ('Gongzhuling', 'China'),
  ('Changshu', 'China'),
  ('Qom', 'Iran'),
  ('Dnipropetrovsk', 'Ukraine'),
  ('Freetown', 'Sierra Leone'),
  ('Sendai', 'Japan'),
  ('Dakar', 'Senegal'),
  ('Ufa', 'Russia'),
  ('Fuzhou', 'China'),
  ('Yichun', 'China'),
  ('Birmingham', 'UK'),
  ('Mudanjiang', 'China'),
  ('Volgograd', 'Russia'),
  ('Perm', 'Russia'),
  ('Fes', 'Morocco'),
  ('Haora', 'India'),
  ('Jodhpur', 'India'),
  ('San jose', 'USA'),
  ('Torreon', 'Mexico'),
  ('Mexicali', 'Mexico'),
  ('Subra al-haymah', 'Egypt'),
  ('Baoding', 'China'),
  ('Cologne', 'Germany'),
  ('Hezhou', 'China'),
  ('Calgary', 'Canada'),
  ('Sao luis', 'Brazil'),
  ('Kitakyushu', 'Japan'),
  ('Sao goncalo', 'Brazil'),
  ('Ghaziabad', 'India'),
  ('Visakhapatnam', 'India'),
  ('Wujiang', 'China'),
  ('Naples', 'Italy'),
  ('Chiba', 'Japan'),
  ('Mandalay', 'Myanmar (Burma)'),
  ('Feicheng', 'China'),
  ('Brussels', 'Belgium'),
  ('Vijayawada', 'India'),
  ('Haimen', 'China'),
  ('Kathmandu', 'Nepal'),
  ('Ciudad guayana', 'Venezuela'),
  ('Safi', 'Morocco'),
  ('Coimbatore', 'India'),
  ('Gaziantep', 'Turkey'),
  ('Weinan', 'China'),
  ('Soweto', 'South Africa'),
  ('Maceio', 'Brazil'),
  ('Agadir', 'Morocco'),
  ('Krasnoyarsk', 'Russia'),
  ('Srinagar', 'India'),
  ('Detroit', 'USA'),
  ('Turin', 'Italy'),
  ('Arequipa', 'Peru'),
  ('Mbuji-mayi', 'Congo D.R.'),
  ('Songzi', 'China'),
  ('Salé', 'Morocco'),
  ('Antananarivo', 'Madagascar'),
  ('Laizhou', 'China'),
  ('Chandigarh', 'India'),
  ('Zaria', 'Nigeria'),
  ('Abu dhabi', 'UAE'),
  ('Cartagena', 'Colombia'),
  ('Teresina', 'Brazil'),
  ('Danyang', 'China'),
  ('Sholapur', 'India'),
  ('Hengyang', 'China'),
  ('Honghu', 'China'),
  ('Mombasa', 'Kenya'),
  ('Daye', 'China'),
  ('Bogor', 'Indonesia'),
  ('Lilongwe', 'Malawi'),
  ('Duque de caxias', 'Brazil'),
  ('Khulna', 'Bangladesh'),
  ('Marseille', 'France'),
  ('Bucheon', 'South Korea'),
  ('Norfolk', 'USA'),
  ('Panama city', 'Panama'),
  ('Voronezh', 'Russia'),
  ('Nova iguacu', 'Brazil'),
  ('Sakai', 'Japan'),
  ('Port elizabeth', 'South Africa'),
  ('Saratov', 'Russia'),
  ('Benxi', 'China'),
  ('Haikou', 'China'),
  ('Stockholm', 'Sweden'),
  ('Hims', 'Syria'),
  ('Kermanshah', 'Iran'),
  ('Naucalpan', 'Mexico'),
  ('Hamhung', 'North Korea'),
  ('Hohhot', 'China'),
  ('Padang', 'Indonesia'),
  ('Hamamatsu', 'Japan'),
  ('Ottawa', 'Canada'),
  ('Ad-dammam', 'Saudi Arabia'),
  ('Niigata', 'Japan'),
  ('Liuzhou', 'China'),
  ('Thiruvananthapuram', 'India'),
  ('Valencia', 'Spain'),
  ('Bengbu', 'China'),
  ('San francisco', 'USA'),
  ('Guwahati', 'India'),
  ('Jacksonville', 'USA'),
  ('Santiago de queretaro', 'Mexico'),
  ('Zagreb', 'Croatia'),
  ('Astana', 'Kazakhstan'),
  ('Kolwezi', 'Congo D.R.'),
  ('Hubli', 'India'),
  ('Daqing', 'China'),
  ('Nanyang', 'China'),
  ('Mysore', 'India'),
  ('Indianapolis', 'USA'),
  ('Natal', 'Brazil'),
  ('Chisinau', 'Moldova'),
  ('Toluca', 'Mexico'),
  ('Lodz', 'Poland'),
  ('Sao bernardo do campo', 'Brazil'),
  ('Zaporizhzhya', 'Ukraine'),
  ('Abuja', 'Nigeria'),
  ('Leeds', 'UK'),
  ('Masqat-matrah', 'Oman'),
  ('Tainan', 'Taiwan'),
  ('Bishkek', 'Kyrgyzstan'),
  ('Jerusalem', 'Israel'),
  ('Amsterdam', 'Netherlands'),
  ('Jixi', 'China'),
  ('Tiruchchirappalli', 'India'),
  ('Athens', 'Greece'),
  ('Krakow', 'Poland'),
  ('Cebu city', 'Philippines'),
  ('Ankang', 'China'),
  ('Bandar lampung', 'Indonesia'),
  ('Malang', 'Indonesia'),
  ('Lviv', 'Ukraine'),
  ('Merida', 'Mexico'),
  ('Edmonton', 'Canada'),
  ('Ogbomosho', 'Nigeria'),
  ('Riga', 'Latvia'),
  ('Acapulco', 'Mexico'),
  ('Shizuoka', 'Japan'),
  ('Columbus', 'USA'),
  ('Jalandhar', 'India'),
  ('Xining', 'China'),
  ('Krasnodar', 'Russia'),
  ('La plata', 'Argentina'),
  ('Tangier', 'Morocco'),
  ('Sevilla', 'Spain'),
  ('Joao pessoa', 'Brazil'),
  ('Okayama', 'Japan'),
  ('Chihuahua', 'Mexico'),
  ('Fuxin', 'China'),
  ('Gwalior', 'India'),
  ('Jinzhou', 'China'),
  ('San luis potosi', 'Mexico'),
  ('Tlalnepantla de baz', 'Mexico'),
  ('Palermo', 'Italy'),
  ('Oran', 'Algeria'),
  ('Austin', 'USA'),
  ('Aligarh', 'India'),
  ('Dushanbe', 'Tajikistan'),
  ('Zhangjiakou', 'China'),
  ('Amravati', 'India'),
  ('Bulawayo', 'Zimbabwe'),
  ('Durban', 'South Africa'),
  ('Memphis', 'USA'),
  ('Baltimore', 'USA'),
  ('Frankfurt', 'Germany'),
  ('Aguascalientes', 'Mexico'),
  ('Bhubaneswar', 'India'),
  ('Bangui', 'Central African Republic'),
  ('Colombo', 'Sri Lanka'),
  ('Kingston', 'Jamaica'),
  ('Jamshedpur', 'India'),
  ('Rabat', 'Morocco'),
  ('Nashville', 'USA'),
  ('Sao jose dos campos', 'Brazil'),
  ('Cochabamba', 'Bolivia'),
  ('Milwaukee', 'USA'),
  ('Stuttgart', 'Germany'),
  ('Washington dc', 'USA'),
  ('Rotterdam', 'Netherlands'),
  ('Dortmund', 'Germany'),
  ('Kaifeng', 'China'),
  ('Oslo', 'Norway'),
  ('Denver', 'USA'),
  ('Helsinki', 'Finland'),
  ('Glasgow', 'UK'),
  ('Essen', 'Germany'),
  ('Vancouver', 'Canada'),
  ('Seattle', 'USA'),
  ('Culiacan', 'Mexico'),
  ('Bhilai', 'India'),
  ('Hengyang', 'China'),
  ('Charlotte', 'USA'),
  ('Las vegas', 'USA'),
  ('Lisbon', 'Portugal'),
  ('Oklahoma city', 'USA'),
  ('Kitwe', 'Zambia'),
  ('Bremen', 'Germany'),
  ('Ribeirao preto', 'Brazil'),
  ('Asuncion', 'Paraguay'),
  ('Vilnius', 'Lithuania'),
  ('Monrovia', 'Liberia'),
  ('Bucaramanga', 'Colombia'),
  ('Portland', 'USA'),
  ('Tucson', 'USA'),
  ('Atlanta', 'USA'),
  ('Sheffield', 'UK'),
  ('Surakarta', 'Indonesia');